url,parenturl,depth
http://www.chcedo.com/article/articleDetail.htm?aid=11717GCS60000104,http://www.chcedo.com/article/articleDetail.htm?aid=11717GCS70000105,54
http://www.chcedo.com/article/articleDetail.htm?aid=11717GCRU0000094,http://www.chcedo.com/article/articleDetail.htm?aid=11717GCS20000097,59
http://www.chcedo.com/article/articleDetail.htm?aid=11717GCQw0000026,http://www.chcedo.com/article/articleDetail.htm?aid=11717GCQy0000031,87
http://www.chcedo.com/article/articleDetail.htm?aid=11717GDO00000173,http://www.chcedo.com/article/articleDetail.htm?aid=11717GDO90000175,105
http://www.chcedo.com/product/productdetail.htm?pid=15218FRMS0003217&categorytType=1,http://www.chcedo.com/makeup/productList_102004.htm,9
http://www.chcedo.com/product/productdetail.htm?pid=15218FRNK0004104,http://www.chcedo.com/product/productdetail.htm?pid=15217JGNH0006004,19
http://www.chcedo.com/article/articleDetail.htm?aid=11717GCQD0000033,http://www.chcedo.com/article/articleDetail.htm?aid=11717GCQE0000035,25
http://www.chcedo.com/product/productdetail.htm?pid=11717GHOu0000150,http://www.chcedo.com/beauty/beautyVideoDetail.htm?vid=15218CEKy1641493,16
http://www.chcedo.com/article/articleDetail.htm?aid=11717GCSN0000150,http://www.chcedo.com/article/articleDetail.htm?aid=11717GCSN0000151,40
http://www.chcedo.com/topic/topicPage.htm?urlInfo=ximalaya.html,http://www.chcedo.com/activity/activityIndex.htm,12
http://www.chcedo.com/product/productdetail.htm?pid=11717GFQ90000033,http://www.chcedo.com/product/productdetail.htm?pid=11717GFQ70000028,11
http://www.chcedo.com/skin/productList_100001008.htm,http://www.chcedo.com/skin/skinIndex.htm,7
http://www.chcedo.com/product/productdetail.htm?pid=15218BQQK0990581,http://www.chcedo.com/skin/productList_100001005.htm,8
http://www.chcedo.com/product/productdetail.htm?pid=11717GFQT0000099,http://www.chcedo.com,2
http://www.chcedo.com/product/productdetail.htm?pid=15218FRO70004334,http://www.chcedo.com/product/productdetail.htm?pid=15218FRNK0004104,20
http://www.chcedo.com/mask/productList_101001004.htm,http://www.chcedo.com/mask/maskIndex.htm,5
http://www.chcedo.com/article/articleDetail.htm?aid=11717GCQU0000058,http://www.chcedo.com/article/articleDetail.htm?aid=11717GCQV0000059,90
http://www.chcedo.com/article/articleDetail.htm?aid=11717GCSV0000160,http://www.chcedo.com/article/articleDetail.htm?aid=11717GCSw0000127,121
http://www.chcedo.com/article/articleDetail.htm?aid=11717GCSU0000159,http://www.chcedo.com/article/articleDetail.htm?aid=11717GCSV0000160,122
http://www.chcedo.com/product/productdetail.htm?pid=11717GFPO0000008,http://www.chcedo.com/skin/productList_100001007.htm,8
http://www.chcedo.com/product/productdetail.htm?pid=15218FROz0004763,http://www.chcedo.com/product/productdetail.htm?pid=15218FRNs0003809,26
http://www.chcedo.com/article/articleDetail.htm?aid=11717GCRC0000080,http://www.chcedo.com/article/articleDetail.htm?aid=11717GCRD0000081,71
http://www.chcedo.com/article/articleDetail.htm?aid=11717GDOb0000176,http://www.chcedo.com/article/articleDetail.htm?aid=11717GDOc0000177,103
http://www.chcedo.com/topic/topicPage.htm?urlInfo=ningshixianliang.html,http://www.chcedo.com/activity/activityIndex.htm,12
http://www.chcedo.com/product/productdetail.htm?pid=11717GFRd0000138,http://www.chcedo.com/product/productdetail.htm?pid=11717GFRc0000132,12
http://www.chcedo.com/product/productdetail.htm?pid=11717GHOi0000137,http://www.chcedo.com/beauty/beautyVideoDetail.htm?vid=15218CEKy1641493,16
http://www.chcedo.com/article/articleDetail.htm?aid=11717GCR80000073,http://www.chcedo.com/article/articleDetail.htm?aid=11717GCR80000074,78
http://www.chcedo.com/product/productdetail.htm?pid=11717GFQM0000086,http://www.chcedo.com/product/productdetail.htm?pid=11717GFQK0000080,12
http://www.chcedo.com/product/productdetail.htm?pid=11717H4Np0000001,http://www.chcedo.com/product/productdetail.htm?pid=15218HUOH0131451,9
http://www.chcedo.com/product/productdetail.htm?pid=15218DOR40891842,http://www.chcedo.com/mask/productList_101001005.htm,6
http://www.chcedo.com/article/articleDetail.htm?aid=11717GCS70000105,http://www.chcedo.com/article/articleDetail.htm?aid=11717GCS70000106,53
http://www.chcedo.com/article/articleDetail.htm?aid=11717GDKB0000171,http://www.chcedo.com/article/articleDetail.htm?aid=11717GDKz0000169,107
http://www.chcedo.com/topic/topicPage.htm?urlInfo=news.html,http://www.chcedo.com/activity/activityIndex.htm,12
http://www.chcedo.com/product/productdetail.htm?pid=11717GFQK0000080,http://www.chcedo.com/product/productdetail.htm?pid=11717GFQI0000078,11
http://www.chcedo.com/story/storyIndex.htm,http://www.chcedo.com/man/manIndex.htm,9
http://www.chcedo.com/product/productdetail.htm?pid=11717GHKS0000066,http://www.chcedo.com/product/productdetail.htm?pid=11717GHOi0000137,17
http://www.chcedo.com/article/articleDetail.htm?aid=16617FTSH0000013,http://www.chcedo.com/article/articleDetail.htm?aid=11717GCQR0000053,95
http://www.chcedo.com/article/articleDetail.htm?aid=11717GDJx0000168,http://www.chcedo.com/article/articleDetail.htm?aid=11717GDKA0000170,109
http://www.chcedo.com/skin/productList_100001004.htm,http://www.chcedo.com/skin/skinIndex.htm,7
http://www.chcedo.com/product/productdetail.htm?pid=15218HFKA0279654,http://www.chcedo.com/product/productdetail.htm?pid=11717GFOe0000041,12
http://www.chcedo.com/product/productdetail.htm?pid=11717GHJc0000025,http://www.chcedo.com/product/productdetail.htm?pid=11717GHJa0000023,7
javascript:;,http://www.chcedo.com/product/productdetail.htm?pid=15217JGNe0005973,17
http://www.chcedo.com/article/articleDetail.htm?aid=11717GCSP0000154,http://www.chcedo.com/article/articleDetail.htm?aid=11717GCSq0000115,36
"http://www.chcedo.com/product/productdetail.htm?pid=	11717GHNA0000119",http://www.chcedo.com/bestseller/bestsellerMakeup.htm,7
"http://www.chcedo.com/product/productdetail.htm?pid=	11717GFQS0000096",http://www.chcedo.com/bestseller/bestsellerAward.htm,8
http://www.chcedo.com/topic/topicPage.htm?urlInfo=chanpinggao.html,http://www.chcedo.com/activity/activityIndex.htm,12
http://www.chcedo.com/product/productdetail.htm?pid=15218FRPv0005831&categorytType=1,http://www.chcedo.com/makeup/productList_102003.htm,9
http://www.chcedo.com/article/articleDetail.htm?aid=11717GCQz0000032,http://www.chcedo.com/article/articleDetail.htm?aid=11717GCR30000066,85
http://www.chcedo.com/skin/productList_100001007.htm,http://www.chcedo.com/skin/skinIndex.htm,7
http://www.chcedo.com/product/productdetail.htm?pid=11717GFPT0000012,http://www.chcedo.com/product/productdetail.htm?pid=11717GFPS0000010,10
http://www.chcedo.com/product/productdetail.htm?pid=11717GHNC0000121,http://www.chcedo.com/product/productdetail.htm?pid=15217JGNe0005973,17
http://www.chcedo.com/product/productdetail.htm?pid=15218FRMe0002260&categorytType=1,http://www.chcedo.com/makeup/productList_102004.htm,9
http://www.chcedo.com/article/articleDetail.htm?aid=11717GCR60000069,http://www.chcedo.com/article/articleDetail.htm?aid=11717GCR60000070,82
http://www.chcedo.com/activity/activityDetail_11.htm,http://www.chcedo.com/activity/activityIndex.htm,12
http://www.chcedo.com/product/productdetail.htm?pid=15218FROc0004343&categorytType=1,http://www.chcedo.com/makeup/productList_102002.htm,9
"http://www.chcedo.com/product/productdetail.htm?pid=	11717GHOi0000137",http://www.chcedo.com/bestseller/bestsellerMakeup.htm,7
"http://www.chcedo.com/product/productdetail.htm?pid=	11717GFQo0000062",http://www.chcedo.com/bestseller/bestsellerAward.htm,8
http://www.chcedo.com/article/articleDetail.htm?aid=11717GCQq0000025,http://www.chcedo.com/article/articleMore.htm,14
http://www.chcedo.com/article/articleDetail.htm?aid=11717GCSu0000123,http://www.chcedo.com/article/articleDetail.htm?aid=,27
http://www.chcedo.com/product/productdetail.htm?pid=11717GFQQ0000092,http://www.chcedo.com/product/productdetail.htm?pid=11717GFQV0000105,9
http://www.chcedo.com/product/productdetail.htm?pid=11717GFQa0000035,http://www.chcedo.com/product/productdetail.htm?pid=11717GFQ90000033,12
http://www.chcedo.com/product/productdetail.htm?pid=11717GHJe0000029,http://www.chcedo.com/product/productdetail.htm?pid=11717GHJd0000027,9
http://www.chcedo.com/product/productdetail.htm?pid=15218FRPm0005670,http://www.chcedo.com/product/productdetail.htm?pid=15218FRN40003421,23
http://www.chcedo.com/article/articleDetail.htm?aid=11717GCSw0000127,http://www.chcedo.com/article/articleDetail.htm?aid=11717GCSw0000128,120
http://www.chcedo.com/article/articleDetail.htm?aid=16617FTSA0000006,http://www.chcedo.com/article/articleDetail.htm?aid=16617FTSA0000007,101
http://www.chcedo.com/product/productdetail.htm?pid=11717H4Nq0000002,http://www.chcedo.com/product/productdetail.htm?pid=11717H4Nr0000003,11
"http://www.chcedo.com/product/productdetail.htm?pid=	11717GHNb0000098",http://www.chcedo.com/bestseller/bestsellerMakeup.htm,7
http://www.chcedo.com/product/productdetail.htm?pid=11717GHNd0000100,http://www.chcedo.com/product/productdetail.htm?pid=11717GHNA0000119,24
http://www.chcedo.com/product/productdetail.htm?pid=16617FNTI0000009,http://www.chcedo.com/product/productdetail.htm?pid=16617FNTA0000001,20
http://www.chcedo.com/article/articleDetail.htm?aid=16617FTSI0000015,http://www.chcedo.com/article/articleDetail.htm?aid=16617FTSI0000016,124
http://www.chcedo.com/product/productdetail.htm?pid=11717GFPU0000014,http://www.chcedo.com/product/productdetail.htm?pid=11717GFPT0000012,11
"http://www.chcedo.com/product/productdetail.htm?pid=	11717GFO50000025",http://www.chcedo.com/bestseller/bestsellerAward.htm,8
http://www.chcedo.com/hufu/chanpinxilie/jihuoshuang-35.html,http://www.chcedo.com/article/articleDetail.htm?aid=11717GCS80000107,52
http://www.chcedo.com/article/articleDetail.htm?aid=16617FTSG0000012,http://www.chcedo.com/article/articleDetail.htm?aid=16617FTSH0000013,96
http://www.chcedo.com/activity/activityDetail_4.htm,http://www.chcedo.com/activity/activityIndex.htm,12
http://www.chcedo.com/article/articleDetail.htm?aid=11717GCQP0000051,http://www.chcedo.com/article/articleDetail.htm?aid=11717GCQq0000025,15
http://www.chcedo.com/article/articleDetail.htm?aid=11717GCSG0000136,http://www.chcedo.com/article/articleDetail.htm?aid=11717GCSI0000140,45
http://www.chcedo.com/article/articleDetail.htm?aid=11717GCS90000111,http://www.chcedo.com/article/articleDetail.htm?aid=11717GCSa0000112,48
http://www.chcedo.com/article/articleDetail.htm?aid=11717GCRG0000087,http://www.chcedo.com/article/articleDetail.htm?aid=11717GCRH0000088,64
http://www.chcedo.com/article/reviews.htm,http://www.chcedo.com/article/articleDetail.htm?aid=16617FTSH0000014,126
http://www.chcedo.com/product/productdetail.htm?pid=11717GFRc0000132,http://www.chcedo.com/product/productdetail.htm?pid=11717GFRb0000130,11
http://www.chcedo.com/product/productdetail.htm?pid=11717GFQS0000096,http://www.chcedo.com/product/productdetail.htm?pid=11717GFQQ0000092,10
http://www.chcedo.com/article/articleDetail.htm?aid=11717GCQK0000041,http://www.chcedo.com/article/articleDetail.htm?aid=11717GCQK0000042,20
http://www.chcedo.com/article/articleDetail.htm?aid=11717GCSO0000152,http://www.chcedo.com/article/articleDetail.htm?aid=11717GCSO0000153,38
http://www.chcedo.com/product/productdetail.htm?pid=15218FROp0004579,http://www.chcedo.com/product/productdetail.htm?pid=15218FROk0004520,28
http://www.chcedo.com/article/articleDetail.htm?aid=11717GCRS0000095,http://www.chcedo.com/article/articleDetail.htm?aid=11717GCRU0000094,60
http://www.chcedo.com/article/articleDetail.htm?aid=11717GDOc0000177,http://www.chcedo.com/article/articleDetail.htm?aid=16617FTSA0000006,102
javascript:void(0);,http://www.chcedo.com/reviews/reviews.htm,13
http://www.chcedo.com/topic/topicPage.htm?urlInfo=lianseliaoyu.html,http://www.chcedo.com/activity/activityIndex.htm,12
"http://www.chcedo.com/product/productdetail.htm?pid=	11717GFQV0000105",http://www.chcedo.com/bestseller/bestsellerAward.htm,8
javascript:void(0),http://www.chcedo.com/login.htm,18
http://www.chcedo.com/person/notification.htm,http://www.chcedo.com/person/personalCenter.htm,19
"http://www.chcedo.com/product/productdetail.htm?pid=	11717GFRf0000145",http://www.chcedo.com/bestseller/bestsellerAward.htm,8
http://www.chcedo.com/topic/topicPage.htm?urlInfo=caizhuang.html,http://www.chcedo.com/index.htm,4
http://www.chcedo.com/article/articleDetail.htm?aid=11717GCQF0000036,http://www.chcedo.com/article/articleDetail.htm?aid=11717GCQH0000038,23
http://www.chcedo.com/article/articleDetail.htm?aid=11717GCRG0000085,http://www.chcedo.com/article/articleDetail.htm?aid=11717GCRG0000086,66
http://www.chcedo.com/article/articleDetail.htm?aid=11717GCRA0000076,http://www.chcedo.com/article/articleDetail.htm?aid=11717GCRB0000077,75
http://www.chcedo.com/activity/activityDetail_10.htm,http://www.chcedo.com/activity/activityIndex.htm,12
http://www.chcedo.com/product/productdetail.htm?pid=11717GFRd0000136,http://www.chcedo.com/product/productdetail.htm?pid=11717GFR90000125,10
http://www.chcedo.com/product/productdetail.htm?pid=15218FRN40003421,http://www.chcedo.com/product/productdetail.htm?pid=15218FROc0004343,22
http://www.chcedo.com/product/productdetail.htm?pid=11717GHNa0000096,http://www.chcedo.com/product/productdetail.htm?pid=11717GHIP0000012,19
http://www.chcedo.com/article/articleDetail.htm?aid=11717GCQT0000057,http://www.chcedo.com/article/articleDetail.htm?aid=11717GCQU0000058,91
http://www.chcedo.com/article/articleDetail.htm?aid=11717GCSz0000133,http://www.chcedo.com/article/articleDetail.htm?aid=11717GCSz0000134,115
http://www.chcedo.com/article/articleDetail.htm?aid=11717GCSu0000125,http://www.chcedo.com/article/articleDetail.htm?aid=11717GCSU0000159,123
http://www.chcedo.com/article/articleDetail.htm?aid=11717GCSu0000124,http://www.chcedo.com/article/articleDetail.htm?aid=11717GCSu0000125,124
http://www.chcedo.com/skin/productList_100001002.htm,http://www.chcedo.com/skin/skinIndex.htm,7
http://www.chcedo.com/product/productdetail.htm?pid=11717GFQG0000073,http://www.chcedo.com/product/productdetail.htm?pid=11717GFQL0000083,14
http://www.chcedo.com/product/productdetail.htm?pid=11717GHOq0000145,http://www.chcedo.com/product/productdetail.htm?pid=15218FROp0004579,29
http://www.chcedo.com/article/articleDetail.htm?aid=11717GCQO0000048,http://www.chcedo.com/article/articleDetail.htm?aid=11717GCQP0000051,16
"http://www.chcedo.com/product/productdetail.htm?pid=	11717GHJa0000023",http://www.chcedo.com/bestseller/bestsellerAward.htm,8
http://www.chcedo.com/store/storeIndex.htm,http://www.chcedo.com/index.htm,4
http://www.chcedo.com/product/productdetail.htm?pid=11717GHIO0000009,http://www.chcedo.com/beauty/beautyVideoDetail.htm?vid=15217IPPT0004040,17
http://www.chcedo.com/article/articleDetail.htm?aid=11717GCQL0000043,http://www.chcedo.com/article/articleDetail.htm?aid=11717GCQL0000044,18
http://www.chcedo.com/article/articleDetail.htm?aid=11717GCQK0000042,http://www.chcedo.com/article/articleDetail.htm?aid=11717GCQL0000043,19
http://www.chcedo.com/hufu/chanpinxilie/ningshixianyanxilie/jihuoshuang-35.html,http://www.chcedo.com/article/articleDetail.htm?aid=11717GCSq0000115,36
http://www.chcedo.com/product/productdetail.htm?pid=11717GFQ00000023,http://www.chcedo.com/product/productdetail.htm?pid=11717GFPV0000017,13
http://www.chcedo.com/activity/activityIndex.htm,http://www.chcedo.com/apply/applyIndex.htm,11
http://www.chcedo.com/beauty/beautyVideoDetail.htm?vid=15218CEKy1641493,http://www.chcedo.com/beauty/beautyIndex.htm,15
http://www.chcedo.com/article/articleDetail.htm?aid=11717GCQH0000038,http://www.chcedo.com/article/articleDetail.htm?aid=11717GCQI0000039,22
http://www.chcedo.com/article/articleDetail.htm?aid=11717GCS80000107,http://www.chcedo.com/article/articleDetail.htm?aid=11717GCS80000108,51
http://www.chcedo.com/article/articleDetail.htm?aid=11717GCRG0000086,http://www.chcedo.com/article/articleDetail.htm?aid=11717GCRG0000087,65
http://www.chcedo.com/article/articleDetail.htm?aid=11717GCQy0000031,http://www.chcedo.com/article/articleDetail.htm?aid=11717GCQz0000032,86
http://www.chcedo.com/article/articleDetail.htm?aid=11717GDKA0000170,http://www.chcedo.com/article/articleDetail.htm?aid=11717GDKB0000171,108
http://www.chcedo.com/product/productdetail.htm?pid=11717GFRa0000128,http://www.chcedo.com/product/productdetail.htm?pid=11717GFRd0000138,13
http://www.chcedo.com/index.htm,http://www.chcedo.com/product/productdetail.htm?pid=11717GFQT0000099,3
http://www.chcedo.com/product/productdetail.htm?pid=11717GHK30000055,http://www.chcedo.com/product/productdetail.htm?pid=11717GHKS0000066,18
http://www.chcedo.com/product/productdetail.htm?pid=15218CMPr0032657,http://www.chcedo.com/skin/productList_100001006.htm,8
http://www.chcedo.com/product/productdetail.htm?pid=11717GHJd0000027,http://www.chcedo.com/product/productdetail.htm?pid=11717GHJc0000025,8
http://www.chcedo.com/article/articleDetail.htm?aid=11717GCQR0000053,http://www.chcedo.com/article/articleDetail.htm?aid=11717GCQR0000055,94
http://www.chcedo.com/article/articleDetail.htm?aid=16617FTSE0000010,http://www.chcedo.com/article/articleDetail.htm?aid=16617FTSG0000012,97
http://www.chcedo.com/article/articleDetail.htm?aid=11717GDJu0000164,http://www.chcedo.com/article/articleDetail.htm?aid=11717GDJv0000166,112
http://www.chcedo.com/person/productDetail.htm,http://www.chcedo.com/person/modifyPersonalCenter.htm,20
http://www.chcedo.com/article/articleDetail.htm?aid=11717GCSs0000119,http://www.chcedo.com/article/articleDetail.htm?aid=11717GCSs0000120,32
http://www.chcedo.com/article/articleDetail.htm?aid=11717GDJv0000166,http://www.chcedo.com/article/articleDetail.htm?aid=11717GDJw0000167,111
http://www.chcedo.com/article/articleDetail.htm?aid=16617FTSJ0000017,http://www.chcedo.com/article/articleDetail.htm?aid=16617FTSz0000005,122
http://www.chcedo.com/makeup/productList_102002.htm,http://www.chcedo.com/makeup/makeupIndex.htm,8
http://www.chcedo.com/product/productdetail.htm?pid=15218FRO60004327&categorytType=1,http://www.chcedo.com/makeup/productList_102004.htm,9
http://www.chcedo.com/product/productdetail.htm?pid=15218DOQS0891632,http://www.chcedo.com/mask/productList_101001005.htm,6
http://www.chcedo.com/product/productdetail.htm?pid=15217JGNe0005973,http://www.chcedo.com/beauty/beautyVideoDetail.htm?vid=15218CEKy1641493,16
http://www.chcedo.com/product/productdetail.htm?pid=15217JGNH0006004,http://www.chcedo.com/product/productdetail.htm?pid=11717GHNC0000121,18
http://www.chcedo.com/product/productdetail.htm?pid=11717GFO50000025,http://www.chcedo.com/skin/productList_100001008.htm,8
http://www.chcedo.com/product/productdetail.htm?pid=11717GFQq0000066,http://www.chcedo.com/skin/productList_100001005.htm,8
"http://www.chcedo.com/product/productdetail.htm?pid=	11717GHOv0000152",http://www.chcedo.com/bestseller/bestsellerMakeup.htm,7
http://www.chcedo.com/mask/maskIndex.htm,http://www.chcedo.com/index.htm,4
http://www.chcedo.com/article/articleDetail.htm?aid=11717GCRF0000084,http://www.chcedo.com/article/articleDetail.htm?aid=11717GCRG0000085,67
http://www.chcedo.com/article/articleDetail.htm?aid=11717GCSz0000134,http://www.chcedo.com/article/articleDetail.htm?aid=11717GDJt0000163,114
http://www.chcedo.com/product/productdetail.htm?pid=15218FRPm0005670&categorytType=1,http://www.chcedo.com/makeup/productList_102002.htm,9
http://www.chcedo.com/product/productdetail.htm?pid=15218FROd0004349,http://www.chcedo.com/product/productdetail.htm?pid=15218FRN40003421,23
http://www.chcedo.com/product/productdetail.htm?pid=16617FOIN0000016,http://www.chcedo.com/product/productdetail.htm?pid=16617FNTI0000009,21
http://www.chcedo.com/article/articleDetail.htm?aid=11717GCRH0000088,http://www.chcedo.com/article/articleDetail.htm?aid=11717GCRO0000091,63
http://www.chcedo.com/product/productdetail.htm?pid=15218DOR70891858,http://www.chcedo.com/mask/productList_101001005.htm,6
http://jala.weisk.com/webchat/index.html?appKey=45fe134acefe3ad570f75e5527662d76,http://www.chcedo.com/product/productdetail.htm?pid=15217JGNe0005973,17
http://www.chcedo.com/article/articleDetail.htm?aid=11717GCSr0000118,http://www.chcedo.com/article/articleDetail.htm?aid=11717GCSs0000119,33
http://www.chcedo.com/article/articleDetail.htm?aid=11717GCR60000070,http://www.chcedo.com/article/articleDetail.htm?aid=11717GCR70000071,81
http://www.chcedo.com/product/productdetail.htm?pid=15218FRNK0004104&categorytType=1,http://www.chcedo.com/makeup/productList_102001.htm,9
http://www.chcedo.com/product/productdetail.htm?pid=15218D8Pc0472437,http://www.chcedo.com/product/productdetail.htm?pid=11717GFRd0000136,11
http://www.chcedo.com/product/productdetail.htm?pid=15218DORa0892033,http://www.chcedo.com/mask/productList_101001005.htm,6
http://www.chcedo.com/product/productdetail.htm?pid=15218FRPn0005675,http://www.chcedo.com/product/productdetail.htm?pid=15218FROd0004349,24
http://www.chcedo.com/product/productdetail.htm?pid=11717GHIx0000001,http://www.chcedo.com/product/productdetail.htm?pid=11717GHIP0000012,19
http://www.chcedo.com/article/articleDetail.htm?aid=11717GCQR0000055,http://www.chcedo.com/article/articleDetail.htm?aid=11717GCQT0000056,93
http://www.chcedo.com/login.htm,http://www.chcedo.com/register.htm,17
http://www.chcedo.com/article/articleDetail.htm?aid=11717GCSt0000121,http://www.chcedo.com/article/articleDetail.htm?aid=11717GCSt0000122,29
http://www.chcedo.com/article/articleDetail.htm?aid=11717GCS30000098,http://www.chcedo.com/article/articleDetail.htm?aid=11717GCS40000099,57
http://www.chcedo.com/article/articleDetail.htm?aid=11717GCRE0000083,http://www.chcedo.com/article/articleDetail.htm?aid=11717GCRF0000084,68
http://www.chcedo.com/article/articleDetail.htm?aid=11717GCQV0000060,http://www.chcedo.com/article/articleDetail.htm?aid=11717GCQw0000026,88
http://www.chcedo.com/product/productdetail.htm?pid=11717GFQH0000075,http://www.chcedo.com/product/productdetail.htm?pid=11717GFQF0000070,9
http://www.chcedo.com/product/productdetail.htm?pid=11717GHNt0000115,http://www.chcedo.com/product/productdetail.htm?pid=11717GHNb0000098,17
http://www.chcedo.com/article/articleDetail.htm?aid=11717GCSq0000115,http://www.chcedo.com/article/articleDetail.htm?aid=11717GCSr0000116,35
http://www.chcedo.com/article/articleDetail.htm?aid=11717GCQE0000035,http://www.chcedo.com/article/articleDetail.htm?aid=11717GCQF0000036,24
http://www.chcedo.com/article/articleDetail.htm?aid=11717GCSM0000149,http://www.chcedo.com/article/articleDetail.htm?aid=11717GCSN0000150,41
http://www.chcedo.com/article/articleDetail.htm?aid=11717GCRB0000077,http://www.chcedo.com/article/articleDetail.htm?aid=11717GCRB0000078,74
http://www.chcedo.com/product/productdetail.htm?pid=11717GFQf0000043,http://www.chcedo.com/product/productdetail.htm?pid=11717GFQa0000035,13
http://www.chcedo.com/bestseller/bestsellerSkin.htm,http://www.chcedo.com/mask/maskIndex.htm,5
http://www.chcedo.com/skin/skinIndex.htm,http://www.chcedo.com/bestseller/bestsellerSkin.htm,6
http://www.chcedo.com/product/productdetail.htm?pid=15218FROk0004520&categorytType=1,http://www.chcedo.com/makeup/productList_102002.htm,9
http://www.chcedo.com/bestseller/bestsellerMakeup.htm,http://www.chcedo.com/bestseller/bestsellerSkin.htm,6
http://www.chcedo.com/video/videoIndex.htm,http://www.chcedo.com/beauty/beautyIndex.htm,15
http://www.chcedo.com/article/articleDetail.htm?aid=16617FTSA0000007,http://www.chcedo.com/article/articleDetail.htm?aid=16617FTSB0000008,100
http://www.chcedo.com/topic/topicPage.htm?urlInfo=activity_zhongcao.html,http://www.chcedo.com/activity/activityIndex.htm,12
http://www.chcedo.com/product/productdetail.htm?pid=11717GFQV0000105,http://www.chcedo.com/skin/productList_100001003.htm,8
"http://www.chcedo.com/product/productdetail.htm?pid=	11717GHOt0000148",http://www.chcedo.com/bestseller/bestsellerMakeup.htm,7
http://www.chcedo.com/forget.htm,http://www.chcedo.com/login.htm,18
http://www.chcedo.com/article/articleDetail.htm?aid=11717GCSI0000142,http://www.chcedo.com/article/articleDetail.htm?aid=11717GCSM0000149,42
http://www.chcedo.com/article/articleDetail.htm?aid=11717GCS50000102,http://www.chcedo.com/article/articleDetail.htm?aid=11717GCS60000104,55
http://www.chcedo.com/article/articleDetail.htm?aid=11717GDKz0000169,http://www.chcedo.com/article/articleDetail.htm?aid=11717GDO00000173,106
http://www.chcedo.com/activity/activityDetail_12.htm,http://www.chcedo.com/activity/activityIndex.htm,12
http://www.chcedo.com/skin/productList_100001006.htm,http://www.chcedo.com/skin/skinIndex.htm,7
http://www.chcedo.com/register.htm,http://www.chcedo.com/video/videoIndex.htm,16
javascript:window.history.go(-1);,http://www.chcedo.com/beauty/beautyVideoDetail.htm?vid=15218CEKy1641493,16
http://www.chcedo.com/article/articleDetail.htm?aid=11717GCSy0000132,http://www.chcedo.com/article/articleDetail.htm?aid=11717GCSz0000133,116
http://www.chcedo.com/makeup/productList_102004.htm,http://www.chcedo.com/makeup/makeupIndex.htm,8
http://www.chcedo.com/product/productdetail.htm?pid=11717GFQ80000031,http://www.chcedo.com/product/productdetail.htm?pid=15218CMPr0032657,9
http://www.chcedo.com/product/productdetail.htm?pid=11717GHKS0000071,http://www.chcedo.com/product/productdetail.htm?pid=11717GHK30000055,19
http://www.chcedo.com/article/articleDetail.htm?aid=11717GDO90000175,http://www.chcedo.com/article/articleDetail.htm?aid=11717GDOb0000176,104
http://www.chcedo.com/product/productdetail.htm?pid=15217JGNH0006004&categorytType=1,http://www.chcedo.com/makeup/productList_102003.htm,9
http://www.chcedo.com/product/productdetail.htm?pid=11717GFR90000125,http://www.chcedo.com/product/productdetail.htm?pid=11717GFR70000121,9
http://www.chcedo.com/beauty/beautyOnline.htm,http://www.chcedo.com/beauty/beautyIndex.htm,15
http://www.chcedo.com/article/articleDetail.htm?aid=11717GCSx0000129,http://www.chcedo.com/article/articleDetail.htm?aid=11717GCSx0000130,118
http://www.chcedo.com/article/articleDetail.htm?aid=11717GCRE0000082,http://www.chcedo.com/article/articleDetail.htm?aid=11717GCRE0000083,69
http://www.chcedo.com/article/articleDetail.htm?aid=11717GCR70000071,http://www.chcedo.com/article/articleDetail.htm?aid=11717GCR80000072,80
http://www.chcedo.com/article/articleDetail.htm?aid=11717GDJt0000163,http://www.chcedo.com/article/articleDetail.htm?aid=11717GDJu0000164,113
http://www.chcedo.com/article/articleDetail.htm?aid=11717GCSw0000128,http://www.chcedo.com/article/articleDetail.htm?aid=11717GCSx0000129,119
http://www.chcedo.com/topic/topicPage.htm?urlInfo=haohaoguonian.html,http://www.chcedo.com/activity/activityIndex.htm,12
http://www.chcedo.com/product/productdetail.htm?pid=15218FRPn0005675&categorytType=1,http://www.chcedo.com/makeup/productList_102003.htm,9
http://www.chcedo.com/person/personalCenter.htm,http://www.chcedo.com/person/myCart.htm,18
http://www.chcedo.com/product/productdetail.htm?pid=16617FNTA0000001,http://www.chcedo.com/product/productdetail.htm?pid=11717GFQl0000053,19
http://www.chcedo.com/product/productdetail.htm?pid=11717H4O30000035,http://www.chcedo.com/product/productdetail.htm?pid=11717H4Ns0000004,13
http://www.chcedo.com/product/productdetail.htm?pid=15218FROp0004579&categorytType=1,http://www.chcedo.com/makeup/productList_102002.htm,9
http://www.chcedo.com/article/articleDetail.htm?aid=11717GCSa0000113,http://www.chcedo.com/article/articleDetail.htm?aid=11717GCSG0000136,46
http://www.chcedo.com/article/articleDetail.htm?aid=11717GCR50000068,http://www.chcedo.com/article/articleDetail.htm?aid=11717GCR60000069,83
http://www.chcedo.com/article/articleDetail.htm?aid=11717GCQT0000056,http://www.chcedo.com/article/articleDetail.htm?aid=11717GCQT0000057,92
http://www.chcedo.com/product/productdetail.htm?pid=11717GHOu0000150&categorytType=1,http://www.chcedo.com/makeup/productList_102002.htm,9
"http://www.chcedo.com/product/productdetail.htm?pid=	11717GFQS0000110",http://www.chcedo.com/bestseller/bestsellerAward.htm,8
http://www.chcedo.com/product/productdetail.htm?pid=11717GHIy0000003,http://www.chcedo.com/product/productdetail.htm?pid=11717GHIx0000001,20
http://www.chcedo.com/article/articleDetail.htm?aid=11717GCSt0000122,http://www.chcedo.com/article/articleDetail.htm?aid=11717GCSu0000123,28
http://www.chcedo.com/product/productdetail.htm?pid=11717GFQl0000053,http://www.chcedo.com/product/productdetail.htm?pid=11717GFQm0000055,18
http://www.chcedo.com/article/articleDetail.htm?aid=11717GCR80000072,http://www.chcedo.com/article/articleDetail.htm?aid=11717GCR80000073,79
http://www.chcedo.com/topic/topicPage.htm?urlInfo=niuhonghong.html,http://www.chcedo.com/activity/activityIndex.htm,12
http://www.chcedo.com/activity/activityDetail_13.htm,http://www.chcedo.com/activity/activityIndex.htm,12
http://www.chcedo.com/product/productdetail.htm?pid=11717GFRe0000142,http://www.chcedo.com/product/productdetail.htm?pid=11717GFRa0000128,14
http://www.chcedo.com/product/productdetail.htm?pid=11717GFQ70000028,http://www.chcedo.com/product/productdetail.htm?pid=11717GFQ80000031,10
http://www.chcedo.com/product/productdetail.htm?pid=11717GHN30000087,http://www.chcedo.com/product/productdetail.htm?pid=11717GHMS0000082,21
http://www.chcedo.com/product/productdetail.htm?pid=11717GFQm0000055,http://www.chcedo.com/beauty/beautyVideoDetail.htm?vid=15217IPPT0004040,17
http://www.chcedo.com/article/articleDetail.htm?aid=16617FTSH0000014,http://www.chcedo.com/article/articleDetail.htm?aid=11717GCSu0000124,125
http://www.chcedo.com/product/productdetail.htm?pid=11717GFQS0000110,http://www.chcedo.com/product/productdetail.htm?pid=11717GFQS0000096,11
http://www.chcedo.com/product/productdetail.htm?pid=11717GFOd0000033,http://www.chcedo.com/product/productdetail.htm?pid=11717GFO50000025,9
http://www.chcedo.com/person/modifyPersonalCenter.htm,http://www.chcedo.com/person/personalCenter.htm,19
http://www.chcedo.com/article/articleDetail.htm?aid=11717GCRC0000079,http://www.chcedo.com/article/articleDetail.htm?aid=11717GCRC0000080,72
http://www.chcedo.com/makeup/productList_102003.htm,http://www.chcedo.com/makeup/makeupIndex.htm,8
http://www.chcedo.com/product/productdetail.htm?pid=11717GFRb0000130,http://www.chcedo.com/product/productdetail.htm?pid=11717GFR90000125,10
http://www.chcedo.com/product/productdetail.htm?pid=15218HAQf0153763,http://www.chcedo.com/skin/productList_100001001.htm,8
http://www.chcedo.com/product/productdetail.htm?pid=11717GFR00000113,http://www.chcedo.com/product/productdetail.htm?pid=11717GFQU0000101,11
http://www.chcedo.com/product/productdetail.htm?pid=11717GFOe0000041,http://www.chcedo.com/product/productdetail.htm?pid=11717GFOd0000037,11
http://www.miitbeian.gov.cn/,http://www.chcedo.com/index.htm,4
http://www.chcedo.com/article/articleDetail.htm?aid=11717GCRS0000092,http://www.chcedo.com/article/articleDetail.htm?aid=11717GCRS0000095,61
http://www.chcedo.com/topic/topicPage.htm?urlInfo=activity_tfbmask.html,http://www.chcedo.com/activity/activityIndex.htm,12
http://www.chcedo.com/article/articleDetail.htm?aid=11717GCSI0000140,http://www.chcedo.com/article/articleDetail.htm?aid=11717GCSI0000141,44
http://www.chcedo.com/article/articleDetail.htm?aid=11717GCSa0000112,http://www.chcedo.com/article/articleDetail.htm?aid=11717GCSa0000113,47
http://www.chcedo.com/article/articleDetail.htm?aid=11717GCR80000074,http://www.chcedo.com/article/articleDetail.htm?aid=11717GCRA0000075,77
http://www.chcedo.com/product/productdetail.htm?pid=15218FRNs0003809&categorytType=1,http://www.chcedo.com/makeup/productList_102001.htm,9
http://www.chcedo.com/product/productdetail.htm?pid=11717GHJk0000033,http://www.chcedo.com/mask/productList_101001001.htm,6
http://www.chcedo.com/apply/applyIndex.htm,http://www.chcedo.com/story/storyIndex.htm,10
http://www.chcedo.com/article/articleDetail.htm?aid=11717GCSS0000162,http://www.chcedo.com/article/articleDetail.htm?aid=11717GCSt0000121,30
http://www.chcedo.com/product/productdetail.htm?pid=11717GHOg0000135,http://www.chcedo.com/beauty/beautyVideoDetail.htm?vid=15218CEKy1641493,16
http://www.chcedo.com/product/productdetail.htm?pid=11717GHJP0000051,http://www.chcedo.com/product/productdetail.htm?pid=11717GHN30000087,22
http://www.chcedo.com/bingjishui.html,http://www.chcedo.com/article/articleDetail.htm?aid=11717GCSa0000112,48
http://www.chcedo.com/article/articleDetail.htm?aid=11717GCS70000106,http://www.chcedo.com/article/articleDetail.htm?aid=11717GCS80000107,52
http://www.chcedo.com/skin/productList_100001001.htm,http://www.chcedo.com/skin/skinIndex.htm,7
http://www.chcedo.com/product/productdetail.htm?pid=15218HUOH0131451,http://www.chcedo.com/skin/productList_100001010.htm,8
javascript:history.go(-1);,http://www.chcedo.com/product/productdetail.htm?pid=11717GFQT0000099,3
http://www.chcedo.com/beauty/beautyIndex.htm,http://www.chcedo.com/article/articleMore.htm,14
http://www.chcedo.com/skin/productList_100001003.htm,http://www.chcedo.com/skin/skinIndex.htm,7
http://www.chcedo.com/product/productdetail.htm?pid=11717GFQW0000107,http://www.chcedo.com/product/productdetail.htm?pid=11717GFQS0000110,12
http://www.chcedo.com/topic/topicPage.htm?urlInfo=activity_waiting.html,http://www.chcedo.com/activity/activityIndex.htm,12
http://www.chcedo.com/product/productdetail.htm?pid=15218FRND0003943&categorytType=1,http://www.chcedo.com/makeup/productList_102001.htm,9
http://www.chcedo.com/beauty/beautyVideoDetail.htm?vid=15217IPPT0004040,http://www.chcedo.com/beauty/beautyVideoDetail.htm?vid=15218CEKy1641493,16
http://www.chcedo.com/product/productdetail.htm?pid=11717GHS00000271,http://www.chcedo.com/skin/productList_100001002.htm,8
http://www.chcedo.com/product/productdetail.htm?pid=11717GHNq0000109,http://www.chcedo.com/product/productdetail.htm?pid=11717GHNt0000115,18
http://www.chcedo.com/product/productdetail.htm?pid=11717GHJO0000049,http://www.chcedo.com/product/productdetail.htm?pid=11717GHJP0000051,23
http://www.chcedo.com/topic/topicPage.htm?urlInfo=bjs_new.html,http://www.chcedo.com/activity/activityIndex.htm,12
http://www.chcedo.com/product/productdetail.htm?pid=15218FRN40003421&categorytType=1,http://www.chcedo.com/makeup/productList_102001.htm,9
http://www.chcedo.com/product/productdetail.htm?pid=11717GFQR0000094,http://www.chcedo.com/product/productdetail.htm?pid=11717GFQV0000105,9
http://www.chcedo.com/product/productdetail.htm?pid=11717GFQh0000047,http://www.chcedo.com/product/productdetail.htm?pid=15218CMPr0032657,9
http://www.chcedo.com/mask/productList_101001003.htm,http://www.chcedo.com/mask/maskIndex.htm,5
http://www.chcedo.com/article/articleDetail.htm?aid=11717GCSN0000151,http://www.chcedo.com/article/articleDetail.htm?aid=11717GCSO0000152,39
http://www.chcedo.com/article/articleDetail.htm?aid=11717GCRB0000078,http://www.chcedo.com/article/articleDetail.htm?aid=11717GCRC0000079,73
http://www.chcedo.com/article/articleDetail.htm?aid=11717GCQV0000059,http://www.chcedo.com/article/articleDetail.htm?aid=11717GCQV0000060,89
http://www.chcedo.com/activity/activityDetail_5.htm,http://www.chcedo.com/activity/activityIndex.htm,12
http://www.chcedo.com/activity/activityDetail_7.htm,http://www.chcedo.com/activity/activityIndex.htm,12
http://www.chcedo.com/product/productdetail.htm?pid=15218FRND0003943,http://www.chcedo.com/product/productdetail.htm?pid=15218FRO60004327&categorytType=1,10
http://www.chcedo.com/product/productdetail.htm?pid=11717GFQF0000070,http://www.chcedo.com/skin/productList_100001004.htm,8
http://www.chcedo.com/product/productdetail.htm?pid=11717GHJj0000031,http://www.chcedo.com/product/productdetail.htm?pid=11717GHJe0000029,10
http://www.chcedo.com/beauty/beautyQa.htm,http://www.chcedo.com/beauty/beautyOnline.htm,16
http://www.chcedo.com/article/articleDetail.htm?aid=11717GCQL0000044,http://www.chcedo.com/article/articleDetail.htm?aid=11717GCQO0000048,17
http://www.chcedo.com/hufu/chanpinxilie/xueyujingcuixilie/chuncuizirunshuang-140.html,http://www.chcedo.com/article/articleDetail.htm?aid=16617FTSA0000006,102
http://www.chcedo.com/product/productdetail.htm?pid=11717GFQL0000083,http://www.chcedo.com/product/productdetail.htm?pid=11717GFQM0000086,13
http://www.chcedo.com/product/productdetail.htm?pid=11717GFQc0000037,http://www.chcedo.com/skin/productList_100001006.htm,8
http://www.chcedo.com/product/productdetail.htm?pid=11717GFOd0000037,http://www.chcedo.com/product/productdetail.htm?pid=11717GFOd0000033,10
http://www.chcedo.com/product/productdetail.htm?pid=15218FRNs0003809,http://www.chcedo.com/product/productdetail.htm?pid=15218FRPn0005675,25
http://www.chcedo.com/article/articleDetail.htm?aid=11717GCS90000110,http://www.chcedo.com/article/articleDetail.htm?aid=11717GCS90000111,49
"http://www.chcedo.com/product/productdetail.htm?pid=	11717GHNG0000125",http://www.chcedo.com/bestseller/bestsellerMakeup.htm,7
http://www.chcedo.com/article/articleDetail.htm?aid=11717GCRO0000091,http://www.chcedo.com/article/articleDetail.htm?aid=11717GCRS0000092,62
http://www.chcedo.com/product/productdetail.htm?pid=11717GFPW0000019,http://www.chcedo.com/product/productdetail.htm?pid=11717GFQ00000023,14
http://weibo.com/chcedo,http://www.chcedo.com/mask/maskIndex.htm,5
http://www.chcedo.com/reviews/reviews.htm,http://www.chcedo.com/activity/activityIndex.htm,12
http://www.chcedo.com/skin/productList_100001010.htm,http://www.chcedo.com/skin/skinIndex.htm,7
http://www.chcedo.com/product/productdetail.htm?pid=11717GFPV0000017,http://www.chcedo.com/product/productdetail.htm?pid=11717GFPU0000014,12
http://www.chcedo.com/topic/topicPage.htm?urlInfo=nanshi.html,http://www.chcedo.com/index.htm,4
http://www.chcedo.com/hufu/chanpinfenlei/bingjishuihuazhuangshui/chuncuizirunbingjishui-54.html,http://www.chcedo.com/article/articleDetail.htm?aid=11717GCQy0000031,87
http://www.chcedo.com/activity/activityDetail_15.htm,http://www.chcedo.com/activity/activityIndex.htm,12
http://www.chcedo.com/product/productdetail.htm?pid=11717GHN90000094,http://www.chcedo.com/product/productdetail.htm?pid=11717GHIy0000003,21
http://www.chcedo.com/hufu/chanpinxilie/xueyujingcuixilie/chuncuizirunshuang-143.html,http://www.chcedo.com/article/articleDetail.htm?aid=11717GDJt0000163,114
http://www.chcedo.com/activity/activityDetail_2.htm,http://www.chcedo.com/activity/activityIndex.htm,12
http://www.chcedo.com/product/productdetail.htm?pid=11717GFPS0000010,http://www.chcedo.com/product/productdetail.htm?pid=11717GFPO0000008,9
http://www.chcedo.com/skin/productList_100001005.htm,http://www.chcedo.com/skin/skinIndex.htm,7
http://www.chcedo.com/product/productdetail.htm?pid=11717GFQn0000057,http://www.chcedo.com/skin/productList_100001005.htm,8
http://www.chcedo.com/man/manIndex.htm,http://www.chcedo.com/makeup/makeupIndex.htm,8
http://www.chcedo.com/product/productdetail.htm?pid=11717GHNG0000125,http://www.chcedo.com/product/productdetail.htm?pid=11717GHN30000087,22
http://www.chcedo.com/article/articleDetail.htm?aid=11717GCSr0000116,http://www.chcedo.com/article/articleDetail.htm?aid=11717GCSr0000118,34
http://www.chcedo.com/makeup/productList_102001.htm,http://www.chcedo.com/makeup/makeupIndex.htm,8
http://www.chcedo.com/product/productdetail.htm?pid=16617FOIV0000030,http://www.chcedo.com/skin/productList_100001002.htm,8
http://www.chcedo.com/product/productdetail.htm?pid=11717GHNb0000098,http://www.chcedo.com/beauty/beautyVideoDetail.htm?vid=15218CEKy1641493,16
http://www.chcedo.com/article/articleDetail.htm,http://www.chcedo.com/article/articleDetail.htm?aid=11717GCQq0000025,15
http://www.chcedo.com/article/articleDetail.htm?aid=16617FTSC0000009,http://www.chcedo.com/article/articleDetail.htm?aid=16617FTSE0000010,98
http://www.chcedo.com/hufu/chanpinxilie/xueyujingcuixilie.html,http://www.chcedo.com/article/articleDetail.htm?aid=11717GDJt0000163,114
http://www.chcedo.com/product/productdetail.htm?pid=15218FROz0004763&categorytType=1,http://www.chcedo.com/makeup/productList_102002.htm,9
http://www.chcedo.com/product/productdetail.htm?pid=11717H4Nr0000003,http://www.chcedo.com/product/productdetail.htm?pid=11717H4Np0000001,10
http://www.chcedo.com/product/productdetail.htm?pid=11717H4O40000036,http://www.chcedo.com/product/productdetail.htm?pid=11717H4O30000035,14
http://www.chcedo.com/bestseller/bestsellerAward.htm,http://www.chcedo.com/bestseller/bestsellerMakeup.htm,7
http://www.chcedo.com/article/articleMore.htm,http://www.chcedo.com/reviews/reviews.htm,13
http://www.chcedo.com/mijixiuhuzirunbingjimo.html,http://www.chcedo.com/article/articleDetail.htm?aid=11717GCRE0000083,69
http://www.chcedo.com/article/articleDetail.htm?aid=11717GCSI0000141,http://www.chcedo.com/article/articleDetail.htm?aid=11717GCSI0000142,43
http://www.chcedo.com/article/articleDetail.htm?aid=11717GCRD0000081,http://www.chcedo.com/article/articleDetail.htm?aid=11717GCRE0000082,70
http://www.chcedo.com/article/articleDetail.htm?aid=11717GCRA0000075,http://www.chcedo.com/article/articleDetail.htm?aid=11717GCRA0000076,76
http://www.chcedo.com/activity/activityDetail_3.htm,http://www.chcedo.com/activity/activityIndex.htm,12
http://www.chcedo.com/mask/productList_101001005.htm,http://www.chcedo.com/mask/maskIndex.htm,5
http://www.chcedo.com/product/productdetail.htm?pid=11717GHJa0000023,http://www.chcedo.com/mask/productList_101001001.htm,6
http://www.chcedo.com/product/productdetail.htm?pid=1,http://www.chcedo.com/person/modifyPersonalCenter.htm,20
http://www.chcedo.com/hufu/chanpinxilie/xuerunxibaixilie/bingjishui.html,http://www.chcedo.com/article/articleDetail.htm?aid=11717GCQK0000041,21
http://www.chcedo.com/article/articleDetail.htm?aid=,http://www.chcedo.com/article/articleDetail.htm?aid=11717GCQD0000033,26
http://www.chcedo.com,http://www.chcedo.com/article/articleDetail.htm?aid=11717GCSI0000141,44
http://www.chcedo.com/article/articleDetail.htm?aid=11717GCS80000108,http://www.chcedo.com/article/articleDetail.htm?aid=11717GCS90000110,50
http://www.chcedo.com/article/articleDetail.htm?aid=16617FTSz0000005,http://www.chcedo.com/article/articleDetail.htm?aid=11717GCSw0000127,121
http://www.chcedo.com/topic/topicPage.htm?urlInfo=bingjishui.html,http://www.chcedo.com/bestseller/bestsellerSkin.htm,6
http://www.chcedo.com/product/productdetail.htm?pid=11717GHMS0000082,http://www.chcedo.com/product/productdetail.htm?pid=11717GHKS0000071,20
http://www.chcedo.com/article/articleDetail.htm?aid=11717GCQI0000039,http://www.chcedo.com/article/articleDetail.htm?aid=11717GCQK0000041,21
http://www.chcedo.com/article/productDetail.htm,http://www.chcedo.com/article/articleDetail.htm?aid=16617FTSH0000014,126
http://www.chcedo.com/article/articleDetail.htm?aid=16617FTSI0000016,http://www.chcedo.com/article/articleDetail.htm?aid=16617FTSJ0000017,123
http://www.chcedo.com/product/productdetail.htm?pid=11717GFQU0000101,http://www.chcedo.com/product/productdetail.htm?pid=11717GFQR0000094,10
http://www.chcedo.com/product/productdetail.htm?pid=11717H4Ns0000004,http://www.chcedo.com/product/productdetail.htm?pid=11717H4Nq0000002,12
,http://www.chcedo.com/mask/maskIndex.htm,5
http://www.chcedo.com/article/articleDetail.htm?aid=11717GDJw0000167,http://www.chcedo.com/article/articleDetail.htm?aid=11717GDJx0000168,110
http://www.chcedo.com/product/productdetail.htm?pid=11717GHOt0000148,http://www.chcedo.com/product/productdetail.htm?pid=11717GHOn0000142,18
http://www.chcedo.com/product/productdetail.htm?pid=16617FOIS0000023,http://www.chcedo.com/product/productdetail.htm?pid=16617FOIN0000016,22
http://www.chcedo.com/product/productdetail.htm?pid=11717GHIP0000012,http://www.chcedo.com/product/productdetail.htm?pid=11717GHIO0000009,18
http://www.chcedo.com/article/articleDetail.htm?aid=11717GCSs0000120,http://www.chcedo.com/article/articleDetail.htm?aid=11717GCSS0000162,31
http://www.chcedo.com/product/productdetail.htm?pid=15218FRPv0005831,http://www.chcedo.com/product/productdetail.htm?pid=15218FRN40003421,23
http://www.chcedo.com/product/productdetail.htm?pid=11717GHNJ0000129,http://www.chcedo.com/product/productdetail.htm?pid=11717GHNt0000115,18
http://www.chcedo.com/article/articleDetail.htm?aid=11717GCS20000097,http://www.chcedo.com/article/articleDetail.htm?aid=11717GCS30000098,58
http://www.chcedo.com/article/articleDetail.htm?aid=11717GCR30000066,http://www.chcedo.com/article/articleDetail.htm?aid=11717GCR50000068,84
http://www.chcedo.com/mask/productList_101001001.htm,http://www.chcedo.com/mask/maskIndex.htm,5
http://www.chcedo.com/product/productdetail.htm?pid=15218FROk0004520,http://www.chcedo.com/product/productdetail.htm?pid=15218FROz0004763,27
http://www.chcedo.com/product/productdetail.htm?pid=11717GHJQ0000053,http://www.chcedo.com/product/productdetail.htm?pid=11717GHJP0000051,23
http://www.chcedo.com/article/articleDetail.htm?aid=11717GCSO0000153,http://www.chcedo.com/article/articleDetail.htm?aid=11717GCSP0000154,37
http://www.chcedo.com/article/articleDetail.htm?aid=11717GCSx0000130,http://www.chcedo.com/article/articleDetail.htm?aid=11717GCSy0000132,117
http://www.chcedo.com/product/productdetail.htm?pid=11717GFR70000121,http://www.chcedo.com/skin/productList_100001001.htm,8
http://www.chcedo.com/product/productdetail.htm?pid=11717GFQI0000078,http://www.chcedo.com/product/productdetail.htm?pid=11717GFQH0000075,10
http://www.chcedo.com/product/productdetail.htm?pid=11717GHOf0,,
